{
    "BC": 0.0002525787668,
    "AB": 0.0002643112234,
    "SK": 0.0002003000859,
    "MB": 0.000128288869,
    "ON": 0.0002699186987,
    "QC": 0.0007472721993,
    "NL": 0.0003752049196,
    "NB": 0.0001271581754,
    "NS": 0.0002241234823,
    "PE": 0.0001539462728,
    "YT": 0.0001672520488,
    "NT": 0.00009572584119,
    "NU": 0
}
